ID,Title,Adult,Budget,Genres,Language,Production Company,Popularity,Revenue,Production Country,Release Date,Run Time,Vote Average,Vote Count
5,Four Rooms,False,4000000,"['Crime', 'Comedy']",en,"['Miramax', 'A Band Apart']",21.209,4300000,['United States of America'],1995-12-09,98,6.1,1311
6,Judgment Night,False,21000000,"['Action', 'Thriller', 'Crime']",en,"['Universal Pictures', 'Largo Entertainment', 'JVC Entertainment Networks']",8.069,12136938,"['Japan', 'United States of America']",1993-10-15,110,6.6,127
11,Star Wars,False,11000000,"['Adventure', 'Action', 'Science Fiction']",en,"['Lucasfilm', '20th Century Fox']",51.111,775398007,['United States of America'],1977-05-25,121,8.2,12116
12,Finding Nemo,False,94000000,"['Animation', 'Family']",en,['Pixar'],45.733,940335536,['United States of America'],2003-05-30,100,7.8,12359
13,Forrest Gump,False,55000000,"['Comedy', 'Drama', 'Romance']",en,['Paramount'],31.971,677945399,['United States of America'],1994-07-06,142,8.4,15946
14,American Beauty,False,15000000,['Drama'],en,"['Jinks/Cohen Company', 'DreamWorks Pictures']",30.525,356296601,['United States of America'],1999-09-15,122,8.0,6959
15,Citizen Kane,False,839727,"['Mystery', 'Drama']",en,"['RKO Radio Pictures', 'Mercury Productions']",20.712,23217674,['United States of America'],1941-04-30,119,8.1,2610
16,Dancer in the Dark,False,12800000,"['Drama', 'Crime', 'Music']",en,"['Lantia Cinema & Audiovisivi', 'Fine Line Features', 'Zentropa Entertainments', 'Danmarks Radio (DR)', 'SVT Drama', 'ARTE', 'Memfis Film', 'France 3 Cinéma', 'Angel films', 'Constantin Film', 'YLE', 'Blind Spot Pictures', 'Vrijzinnig Protestantse Radio Omroep (VPRO)', 'Liberator Productions', 'Icelandic Film', 'Pain Unlimited GmbH Filmproduktion', 'Trust Film Svenska', 'Cinematograph A/S', 'What Else? B.V', 'Filmek A/S', 'Film4 Productions', 'Canal+', 'ARTE France Cinéma', 'Film i Väst', 'TV 1000 Sverige', 'Westdeutscher Rundfunk']",14.581,40031879,"['Argentina', 'Denmark', 'Finland', 'France', 'Germany', 'Iceland', 'Italy', 'Netherlands', 'Norway', 'Sweden', 'United Kingdom', 'United States of America']",2000-05-17,141,7.9,859
18,The Fifth Element,False,90000000,"['Adventure', 'Fantasy', 'Action', 'Thriller', 'Science Fiction']",en,"['Columbia Pictures', 'Gaumont']",40.552,263920180,['France'],1997-05-02,126,7.4,6596
19,Metropolis,False,92620000,"['Drama', 'Science Fiction']",de,['Universum Film (UFA)'],14.529,650422,['Germany'],1927-01-10,153,8.2,1259
20,My Life Without Me,False,0,"['Drama', 'Romance']",en,"['El Deseo', 'Milestone Productions']",21.969,9726954,"['Canada', 'Spain']",2003-03-07,106,6.2,205
22,Pirates of the Caribbean: The Curse of the Black Pearl,False,140000000,"['Adventure', 'Fantasy', 'Action']",en,"['Jerry Bruckheimer Films', 'Walt Disney Pictures']",52.215,655011224,['United States of America'],2003-07-09,143,7.7,13078
24,Kill Bill: Vol. 1,False,30000000,"['Action', 'Crime']",en,"['Miramax', 'A Band Apart', 'Super Cool ManChu']",35.499,180949045,['United States of America'],2003-10-10,111,7.9,10209
25,Jarhead,False,72000000,"['Drama', 'War']",en,"['Universal Pictures', 'Red Wagon Entertainment', 'Neal Street Productions', 'Motion Picture KAPPA Produktionsgesellschaft']",21.95,96889998,"['Germany', 'United States of America']",2005-11-04,123,6.5,1351
27,9 Songs,False,1000000,"['Drama', 'Music', 'Romance']",en,['Revolution Films'],16.116,1574623,['United Kingdom'],2004-07-16,66,5.0,184
28,Apocalypse Now,False,31500000,"['Drama', 'War']",en,"['United Artists', 'Zoetrope Studios']",27.925,89460381,['United States of America'],1979-08-15,153,8.2,4252
33,Unforgiven,False,14000000,['Western'],en,"['Malpaso Productions', 'Warner Bros. Pictures']",20.039,159157447,['United States of America'],1992-08-07,131,7.9,2069
35,The Simpsons Movie,False,75000000,"['Animation', 'Comedy', 'Family']",en,"['AKOM Production Company', 'Gracie Films', 'Rough Draft Feature Animation', 'Film Roman', '20th Century Fox', '20th Century Fox Animation']",19.39,527068851,['United States of America'],2007-07-26,87,6.9,4845
38,Eternal Sunshine of the Spotless Mind,False,20000000,"['Science Fiction', 'Drama', 'Romance']",en,"['Focus Features', 'Anonymous Content', 'This Is That Productions']",22.281,72258126,['United States of America'],2004-03-19,108,8.1,8046
55,Amores Perros,False,2000000,"['Drama', 'Thriller']",es,"['Altavista Films', 'Zeta Film (MX)']",15.069,20908467,['Mexico'],2000-06-16,154,7.6,1103
58,Pirates of the Caribbean: Dead Man's Chest,False,200000000,"['Adventure', 'Fantasy', 'Action']",en,"['Walt Disney Pictures', 'Jerry Bruckheimer Films', 'Second Mate Productions']",32.818,1065659812,['United States of America'],2006-06-20,151,7.2,9931
59,A History of Violence,False,32000000,"['Drama', 'Thriller', 'Crime']",en,"['New Line Cinema', 'BenderSpink', 'DC Comics']",16.98,60740827,"['United States of America', 'Canada', 'Germany']",2005-09-23,96,7.1,1609
62,2001: A Space Odyssey,False,12000000,"['Science Fiction', 'Mystery', 'Adventure']",en,"['Stanley Kubrick Productions', 'Metro-Goldwyn-Mayer']",31.215,68700000,"['United Kingdom', 'United States of America']",1968-04-09,149,8.0,6285
63,Twelve Monkeys,False,29500000,"['Science Fiction', 'Thriller', 'Mystery']",en,"['Universal Pictures', 'Atlas Entertainment', 'Classico']",27.357,168840000,['United States of America'],1995-12-29,129,7.6,4577
64,Talk to Her,False,0,"['Drama', 'Romance']",es,"['Vía Digital', 'Good Machine', 'Antena 3 Televisión', 'El Deseo']",9.869,51001550,['Spain'],2002-03-14,112,7.6,552
65,8 Mile,False,41000000,"['Drama', 'Music']",en,"['Mikona Productions GmbH & Co. KG', 'Imagine Entertainment']",15.611,242875078,['United States of America'],2002-11-08,110,7.0,3676
66,Absolute Power,False,50000000,['Crime'],en,"['Columbia Pictures', 'Castle Rock Entertainment', 'Malpaso Productions']",11.407,50068310,['United States of America'],1997-02-14,121,6.6,442
67,Paradise Now,False,0,"['Thriller', 'Crime', 'Drama']",en,"['Eurimages', 'Lama Films', 'Augustus Film', 'Lama Productions', 'Lumer Films', 'Hazazah Film', 'Filmstiftung Nordrhein-Westfalen', 'Razor Film Produktion', 'Nederlands Fonds voor de Film', 'Medienboard Berlin-Brandenburg', 'ARTE France Cinéma']",9.387,3357075,"['Palestinian Territory', 'France', 'Germany', 'Israel', 'Netherlands']",2005-02-14,90,6.9,116
68,Brazil,False,15000000,"['Comedy', 'Science Fiction']",en,['Embassy International Pictures'],17.295,0,['United Kingdom'],1985-02-20,132,7.7,1720
69,Walk the Line,False,28000000,"['Drama', 'Music', 'Romance']",en,"['Mars Media Beteiligungs', 'Tree Line Films', 'Konrad Pictures', 'Catfish Productions', 'Fox 2000 Pictures']",20.192,186438883,"['Germany', 'United States of America']",2005-09-13,136,7.5,1435
70,Million Dollar Baby,False,30000000,['Drama'],en,"['Lakeshore Entertainment', 'Malpaso Productions', 'Epsilon Motion Pictures', 'Albert S. Ruddy Productions', 'Warner Bros. Pictures']",31.643,216763646,['United States of America'],2004-12-15,132,7.9,5193
71,Billy Elliot,False,5000000,"['Drama', 'Comedy', 'Music']",en,"['StudioCanal', 'BBC Films', 'Tiger Aspect Productions', 'Arts Council of England', 'Working Title Films', 'WT2 Productions']",14.828,109280263,"['France', 'United Kingdom']",2000-05-18,110,7.6,2111
73,American History X,False,20000000,['Drama'],en,"['New Line Cinema', 'Savoy Pictures', 'The Turman-Morrissey Company']",27.649,23875127,['United States of America'],1998-10-30,119,8.4,6364
74,War of the Worlds,False,132000000,"['Adventure', 'Thriller', 'Science Fiction']",en,"['Paramount', 'Amblin Entertainment', 'Cruise/Wagner Productions', 'DreamWorks Pictures']",24.944,591739379,['United States of America'],2005-06-28,116,6.4,4731
75,Mars Attacks!,False,70000000,"['Comedy', 'Fantasy', 'Science Fiction']",en,['Tim Burton Productions'],19.94,101371017,['United States of America'],1996-12-12,106,6.3,3134
76,Before Sunrise,False,2500000,"['Drama', 'Romance']",en,"['Detour Film Production', 'Castle Rock Entertainment', 'Filmhaus Wien', 'Columbia Pictures']",12.141,5535405,"['Austria', 'Switzerland', 'United States of America']",1995-01-27,101,7.9,1911
77,Memento,False,9000000,"['Mystery', 'Thriller']",en,"['Summit Entertainment', 'Newmarket Capital Group', 'Team Todd', 'I Remember Productions']",22.066,39723096,['United States of America'],2000-10-11,113,8.2,8334
78,Blade Runner,False,28000000,"['Science Fiction', 'Drama', 'Thriller']",en,"['Shaw Brothers', 'The Ladd Company', 'Warner Bros. Pictures']",43.679,32868943,"['United States of America', 'Hong Kong', 'United Kingdom']",1982-06-25,117,7.9,8010
79,Hero,False,31000000,"['Drama', 'Adventure', 'Action', 'History']",zh,"['Beijing New Picture Film Co. Ltd.', 'China Film Co-Production Corporation']",20.831,177394432,['China'],2002-07-22,99,7.5,1154
80,Before Sunset,False,2700000,"['Drama', 'Romance']",en,"['Warner Independent Pictures (WIP)', 'Castle Rock Entertainment', 'Detour Film Production']",17.972,15992615,['United States of America'],2004-02-10,80,7.7,1547
81,Nausicaä of the Valley of the Wind,False,1000000,"['Adventure', 'Animation', 'Fantasy']",ja,['Topcraft'],21.426,3301446,['Japan'],1984-03-11,117,7.9,1540
82,Miami Vice,False,135000000,"['Action', 'Adventure', 'Crime', 'Thriller']",en,"['Metropolis Films', 'Universal Pictures', 'Forward Pass', 'Motion Picture ETA Produktionsgesellschaft', 'Foqus Arte Digital', 'Michael Mann Productions']",16.831,163794509,"['Uruguay', 'United States of America', 'Germany', 'Paraguay']",2006-07-27,132,5.9,897
83,Open Water,False,130000,"['Drama', 'Thriller', 'Horror']",en,['Plunge Pictures LLC'],9.45,54667954,['United States of America'],2003-12-29,79,5.4,610
85,Raiders of the Lost Ark,False,18000000,"['Adventure', 'Action']",en,"['Lucasfilm', 'Paramount']",24.755,389925971,['United States of America'],1981-06-12,115,7.9,7051
87,Indiana Jones and the Temple of Doom,False,28000000,"['Adventure', 'Action']",en,"['Lucasfilm', 'Paramount']",26.124,333000000,['United States of America'],1984-05-23,118,7.2,5209
88,Dirty Dancing,False,6000000,"['Drama', 'Music', 'Romance']",en,"['Great American Films Limited Partnership', 'Vestron Pictures']",21.454,213893795,['United States of America'],1987-08-21,100,7.3,3252
89,Indiana Jones and the Last Crusade,False,48000000,"['Adventure', 'Action']",en,"['Lucasfilm', 'Paramount']",26.136,474171806,['United States of America'],1989-05-24,127,7.8,5765
90,Beverly Hills Cop,False,15000000,"['Action', 'Comedy', 'Crime']",en,"['Paramount', 'Eddie Murphy Productions']",20.64,316360478,['United States of America'],1984-11-29,105,7.1,1987
95,Armageddon,False,140000000,"['Action', 'Thriller', 'Science Fiction', 'Adventure']",en,"['Touchstone Pictures', 'Jerry Bruckheimer Films', 'Valhalla Motion Pictures']",21.377,553799566,['United States of America'],1998-07-01,151,6.7,4542
96,Beverly Hills Cop II,False,20000000,"['Action', 'Comedy', 'Crime']",en,"['Eddie Murphy Productions', 'Paramount', 'Don Simpson/Jerry Bruckheimer Films']",14.616,299965036,['United States of America'],1987-05-18,100,6.3,1181
97,Tron,False,17000000,"['Science Fiction', 'Action', 'Adventure']",en,"['Walt Disney Pictures', 'Lisberger/Kushner']",18.168,33000000,['United States of America'],1982-07-09,96,6.6,1164
98,Gladiator,False,103000000,"['Action', 'Drama', 'Adventure']",en,"['Universal Pictures', 'Scott Free Productions', 'Red Wagon Entertainment', 'Mill Film', 'C & L', 'Dawliz', 'DreamWorks Pictures']",29.664,457640427,"['United Kingdom', 'United States of America']",2000-05-01,155,8.1,10358
99,All About My Mother,False,8272296,"['Comedy', 'Drama']",es,"['Renn Productions', 'France 2 Cinéma']",11.042,67872296,"['Spain', 'France']",1999-04-19,101,7.7,808
100,"Lock, Stock and Two Smoking Barrels",False,1350000,"['Comedy', 'Crime']",en,"['Summit Entertainment', 'The Steve Tisch Company', 'SKA Films', 'PolyGram Filmed Entertainment', 'HandMade Films']",9.712,28356188,['United Kingdom'],1998-03-05,105,8.1,3390
101,Léon: The Professional,False,16000000,"['Thriller', 'Crime', 'Drama']",fr,"['Gaumont', 'Les Films du Dauphin']",37.708,45284974,"['France', 'United States of America']",1994-09-14,111,8.3,8285
103,Taxi Driver,False,1300000,"['Crime', 'Drama']",en,"['Italo/Judeo Productions', 'Bill/Phillips', 'Columbia Pictures']",28.312,28262574,['United States of America'],1976-02-07,114,8.2,5734
104,Run Lola Run,False,1530000,"['Action', 'Drama', 'Thriller']",de,"['X-Filme Creative Pool', 'Westdeutscher Rundfunk']",13.541,7267585,['Germany'],1998-08-20,81,7.3,1131
105,Back to the Future,False,19000000,"['Adventure', 'Comedy', 'Science Fiction', 'Family']",en,"['U-Drive Productions', 'Universal Pictures', 'Amblin Entertainment']",33.743,381109762,['United States of America'],1985-07-03,116,8.2,11736
106,Predator,False,15000000,"['Science Fiction', 'Action', 'Adventure', 'Thriller']",en,"['Amercent Films', 'American Entertainment Partners L.P.', 'Davis Entertainment', 'Lawrence Gordon Productions', 'Silver Pictures', '20th Century Fox']",30.769,98267558,['United States of America'],1987-06-12,107,7.4,3974
107,Snatch,False,10000000,"['Thriller', 'Crime']",en,"['Screen Gems', 'SKA Films', 'Columbia Pictures', 'Sony Pictures']",23.376,83557872,"['United Kingdom', 'United States of America']",2000-09-01,103,7.8,5043
111,Scarface,False,25000000,"['Action', 'Crime', 'Drama', 'Thriller']",en,['Universal Pictures'],31.208,65884703,['United States of America'],1983-12-08,170,8.1,5833
113,"Spring, Summer, Fall, Winter... and Spring",False,0,['Drama'],ko,"['LJ Film', 'Korea Pictures', 'Cineclick Asia', 'Cinesoul', 'Mirae Asset Capital', 'Muhan Investment', 'Pandora Film']",13.531,6502364,"['South Korea', 'Germany']",2003-09-19,103,7.8,472
114,Pretty Woman,False,14000000,"['Romance', 'Comedy']",en,"['Touchstone Pictures', 'Silver Screen Partners IV']",18.437,463000000,['United States of America'],1990-03-23,119,7.3,4078
115,The Big Lebowski,False,15000000,"['Comedy', 'Crime']",en,"['Gramercy Pictures', 'PolyGram Filmed Entertainment', 'Working Title Films', 'Universal Pictures']",22.388,46189568,"['United Kingdom', 'United States of America']",1998-03-06,117,7.9,6117
116,Match Point,False,15000000,"['Drama', 'Thriller', 'Crime', 'Romance']",en,['DreamWorks Pictures'],14.717,85306374,"['United States of America', 'Russia', 'United Kingdom', 'Ireland', 'Luxembourg']",2005-10-26,124,7.3,2297
117,The Untouchables,False,25000000,"['Crime', 'Drama', 'History', 'Thriller']",en,['Paramount'],20.195,76270454,['United States of America'],1987-06-03,119,7.8,2991
118,Charlie and the Chocolate Factory,False,150000000,"['Adventure', 'Comedy', 'Family', 'Fantasy']",en,"['Village Roadshow Pictures', 'The Zanuck Company', 'Tim Burton Productions', 'Theobald Film Productions', 'Warner Bros. Pictures', 'Plan B Entertainment']",24.786,474968763,"['Australia', 'United Kingdom', 'United States of America']",2005-07-13,115,7.0,8817
120,The Lord of the Rings: The Fellowship of the Ring,False,93000000,"['Adventure', 'Fantasy', 'Action']",en,"['New Line Cinema', 'WingNut Films', 'The Saul Zaentz Company']",56.524,871368364,"['New Zealand', 'United States of America']",2001-12-18,178,8.3,15363
121,The Lord of the Rings: The Two Towers,False,79000000,"['Adventure', 'Fantasy', 'Action']",en,"['New Line Cinema', 'WingNut Films', 'The Saul Zaentz Company']",38.523,926287400,"['New Zealand', 'United States of America']",2002-12-18,179,8.3,13231
122,The Lord of the Rings: The Return of the King,False,94000000,"['Adventure', 'Fantasy', 'Action']",en,"['New Line Cinema', 'WingNut Films', 'The Saul Zaentz Company']",48.75,1118888979,"['New Zealand', 'United States of America']",2003-12-01,201,8.4,13976
123,The Lord of the Rings,False,4000000,"['Adventure', 'Animation', 'Drama', 'Fantasy', 'Family']",en,"['United Artists', 'Fantasy Films']",8.747,30471420,['United States of America'],1978-11-15,132,6.5,384
128,Princess Mononoke,False,26500000,"['Adventure', 'Fantasy', 'Animation']",ja,"['Studio Ghibli', 'Nibariki', 'Nippon Television Network (NTV)', 'DENTSU Music And Entertainment', 'TNDG', 'Tokuma Shoten']",25.819,159375308,['Japan'],1997-07-12,134,8.3,4005
129,Spirited Away,False,19000000,"['Animation', 'Family', 'Fantasy']",ja,['Studio Ghibli'],34.809,274925095,['Japan'],2001-07-20,125,8.5,7986
134,"O Brother, Where Art Thou?",False,26000000,"['Action', 'Adventure', 'Comedy']",en,"['Mike Zoss Productions', 'Universal Pictures', 'Touchstone Pictures', 'Working Title Films', 'StudioCanal']",15.514,71868327,"['France', 'United Kingdom', 'United States of America']",2000-08-30,106,7.3,2118
137,Groundhog Day,False,14600000,"['Romance', 'Fantasy', 'Drama', 'Comedy']",en,['Columbia Pictures'],22.549,70906973,['United States of America'],1993-02-11,101,7.5,4279
138,Dracula,False,355000,"['Horror', 'Fantasy']",en,['Universal Pictures'],14.066,0,['United States of America'],1931-02-12,72,7.2,512
140,Bad Education,False,5000000,"['Crime', 'Drama', 'Romance', 'Thriller', 'Mystery']",es,"['Canal+ España', 'Televisión Española', 'El Deseo']",7.642,40266982,['Spain'],2004-03-19,106,7.4,444
141,Donnie Darko,False,6000000,"['Fantasy', 'Drama', 'Mystery']",en,"['Pandora Cinema', 'Adam Fields Productions', '20th Century Fox', 'Flower Films']",31.777,1270522,['United States of America'],2001-01-18,114,7.8,7201
142,Brokeback Mountain,False,14000000,"['Drama', 'Romance']",en,"['Good Machine', 'Focus Features', 'River Road Entertainment', 'Alberta Film Entertainment']",19.216,178043761,"['Canada', 'United States of America']",2005-09-10,134,7.8,3616
144,Wings of Desire,False,2500000,"['Drama', 'Fantasy', 'Romance']",de,"['Argos Films', 'Road Movies Filmproduktion', 'Wim Wenders Stiftung', 'Westdeutscher Rundfunk']",10.027,3210139,"['Germany', 'France']",1987-05-17,128,7.9,521
145,Breaking the Waves,False,0,"['Drama', 'Romance']",da,"['Trust Film', 'Det Danske Filminstitut']",12.082,3803298,"['Denmark', 'France', 'Iceland', 'Netherlands', 'Norway', 'Sweden']",1996-05-13,159,7.4,469
146,"Crouching Tiger, Hidden Dragon",False,17000000,"['Adventure', 'Drama', 'Action', 'Romance']",zh,"['China Film Co-Production Corporation', 'Columbia Pictures Film Production Asia', 'Good Machine', 'EDKO Film', 'Asia Union Film & Entertainment Ltd.', 'United China Vision', 'Zoom Hunt International Productions Company Ltd.']",24.642,213525736,"['China', 'Hong Kong', 'Taiwan', 'United States of America']",2000-07-06,120,7.3,1699
149,Akira,False,10000000,"['Science Fiction', 'Animation']",ja,"['Bandai Visual', 'Akira Committee Company Ltd.', 'Mainichi Broadcasting System (MBS)', 'Sumitomo Corporation', 'Toho Company, Ltd.', 'Studio Fuga', 'Studio Aoi', 'TMS Entertainment', 'Kodansha']",18.481,0,['Japan'],1988-07-16,124,7.9,1782
150,48 Hrs.,False,12000000,"['Thriller', 'Action', 'Comedy', 'Crime', 'Drama']",en,['Paramount'],15.979,78868508,['United States of America'],1982-12-07,96,6.6,696
152,Star Trek: The Motion Picture,False,35000000,"['Science Fiction', 'Adventure', 'Mystery']",en,['Paramount'],16.198,139000000,['United States of America'],1979-12-06,132,6.4,892
153,Lost in Translation,False,4000000,"['Drama', 'Romance', 'Comedy']",en,['American Zoetrope'],19.446,119723856,"['Japan', 'United States of America']",2003-08-31,102,7.4,3731
154,Star Trek II: The Wrath of Khan,False,12000000,"['Action', 'Adventure', 'Science Fiction', 'Thriller']",en,['Paramount'],11.712,96800000,['United States of America'],1982-06-03,113,7.5,1066
155,The Dark Knight,False,185000000,"['Drama', 'Action', 'Crime', 'Thriller']",en,"['DC Comics', 'Legendary Entertainment', 'Syncopy', 'Isobel Griffiths', 'DC Entertainment', 'Warner Bros. Pictures']",63.565,1004558444,"['United Kingdom', 'United States of America']",2008-07-16,152,8.4,20028
157,Star Trek III: The Search for Spock,False,18000000,"['Science Fiction', 'Action', 'Adventure', 'Thriller']",en,['Paramount'],7.518,87000000,['United States of America'],1984-05-31,105,6.6,699
161,Ocean's Eleven,False,85000000,"['Thriller', 'Crime']",en,"['WV Films II', 'Village Roadshow Pictures', 'NPV Entertainment', 'Jerry Weintraub Productions', 'Section Eight', 'Warner Bros. Pictures']",26.244,450717150,['United States of America'],2001-12-07,116,7.4,7030
162,Edward Scissorhands,False,20000000,"['Fantasy', 'Drama', 'Romance']",en,['20th Century Fox'],24.409,53000000,['United States of America'],1990-12-05,105,7.7,7861
163,Ocean's Twelve,False,110000000,"['Thriller', 'Crime']",en,"['Village Roadshow Pictures', 'Jerry Weintraub Productions', 'Section Eight', 'WV Films III', 'Warner Bros. Pictures']",28.515,362744280,['United States of America'],2004-12-09,125,6.5,4236
164,Breakfast at Tiffany’s,False,2500000,"['Comedy', 'Drama', 'Romance']",en,"['Paramount', 'Jurow-Shepherd']",21.149,9500000,['United States of America'],1961-10-05,115,7.8,2325
165,Back to the Future Part II,False,40000000,"['Adventure', 'Comedy', 'Family', 'Science Fiction']",en,"['U-Drive Productions', 'Universal Pictures', 'Amblin Entertainment']",20.141,332000000,['United States of America'],1989-11-22,108,7.7,7397
167,K-PAX,False,48000000,"['Drama', 'Science Fiction']",en,"['Intermedia Films', 'Lawrence Gordon Productions', 'Pathé Pictures International', 'IMF Internationale Medien und Film GmbH & Co. 3. Produktions KG']",26.785,50315140,"['Germany', 'United Kingdom', 'United States of America']",2001-10-22,120,7.2,1252
168,Star Trek IV: The Voyage Home,False,24000000,"['Science Fiction', 'Adventure']",en,['Paramount'],10.885,133000000,['United States of America'],1986-11-25,119,7.1,777
169,Predator 2,False,35000000,"['Science Fiction', 'Action', 'Thriller']",en,"['Davis Entertainment', 'Lawrence Gordon Productions', 'Silver Pictures', '20th Century Fox']",18.089,57120318,['United States of America'],1990-11-20,108,6.0,1432
170,28 Days Later,False,5000000,"['Horror', 'Thriller', 'Science Fiction']",en,['DNA Films'],17.921,82719885,['United Kingdom'],2002-10-31,113,7.2,3515
172,Star Trek V: The Final Frontier,False,30000000,"['Science Fiction', 'Action', 'Adventure', 'Thriller']",en,['Paramount'],10.234,70200000,['United States of America'],1989-06-09,107,5.7,616
173,"20,000 Leagues Under the Sea",False,5000000,"['Adventure', 'Drama', 'Science Fiction', 'Family']",en,['Walt Disney Productions'],14.572,28200000,['United States of America'],1954-12-23,127,7.0,342
174,Star Trek VI: The Undiscovered Country,False,27000000,"['Science Fiction', 'Action', 'Adventure', 'Thriller']",en,['Paramount'],7.828,96900000,['United States of America'],1991-12-05,113,6.9,656
176,Saw,False,1200000,"['Horror', 'Mystery', 'Crime']",en,"['Twisted Pictures', 'Evolution Entertainment', 'Saw Productions Inc.', 'Lionsgate']",22.957,103911669,['United States of America'],2004-10-01,103,7.4,5113
177,The Fisher King,False,24000000,"['Comedy', 'Drama']",en,['TriStar Pictures'],8.351,41895491,['United States of America'],1991-09-09,138,7.3,663
178,Blown Away,False,0,['Thriller'],en,"['Trilogy Entertainment Group', 'Metro-Goldwyn-Mayer']",16.372,30156002,['United States of America'],1994-07-01,121,6.1,229
179,The Interpreter,False,80000000,"['Crime', 'Thriller']",en,"['Mirage Enterprises', 'Universal Pictures', 'StudioCanal', 'Working Title Films', 'Misher Films', 'Motion Picture JOTA Produktions']",14.442,162944923,"['France', 'Germany', 'United Kingdom', 'United States of America']",2005-04-08,128,6.3,752
180,Minority Report,False,102000000,"['Action', 'Thriller', 'Science Fiction', 'Mystery']",en,"['Digital Image Associates', 'Cruise/Wagner Productions', 'Blue Tulip Productions', 'Ronald Shusett/Gary Goldman', 'Amblin Entertainment', '20th Century Fox', 'DreamWorks Pictures']",24.831,358372926,['United States of America'],2002-06-20,145,7.3,4902
182,The Good German,False,32000000,"['Drama', 'Thriller', 'Mystery']",en,"['Sunset Gower Studios', 'Warner Bros. Pictures', 'Section Eight']",8.726,5914908,['United States of America'],2006-12-08,108,6.1,156
183,The Wizard,False,6000000,"['Adventure', 'Comedy', 'Drama', 'Family', 'Romance']",en,"['Universal Pictures', 'Carolco Pictures', 'Finnegan/Pinchuk Productions', 'Pipeline Productions']",8.522,14278900,['United States of America'],1989-12-15,100,6.2,161
184,Jackie Brown,False,12000000,"['Crime', 'Thriller', 'Drama', 'Comedy']",en,"['Miramax', 'A Band Apart', 'Lawrence Bender Productions', 'Mighty Mighty Afrodite Productions']",16.663,39673162,['United States of America'],1997-12-24,154,7.3,3337
185,A Clockwork Orange,False,2200000,"['Science Fiction', 'Drama']",en,"['Warner Bros. Pictures', 'Hawk Films']",35.265,26589000,"['United Kingdom', 'United States of America']",1971-12-18,136,8.2,7243
186,Lucky Number Slevin,False,27000000,"['Drama', 'Thriller', 'Crime', 'Mystery']",en,"['The Weinstein Company', 'FilmEngine', 'Capitol Films', 'Ascendant Pictures', 'VIP Medienfonds 4', 'Lucky Number Slevin Productions Inc.', ""Mel's Cite du Cinema"", 'The Complex']",16.444,56308881,"['Germany', 'United States of America']",2006-02-24,110,7.5,2383
187,Sin City,False,40000000,"['Action', 'Thriller', 'Crime']",en,"['Dimension Films', 'Troublemaker Studios', 'Miramax']",25.234,158733820,['United States of America'],2005-04-01,124,7.4,4861
189,Sin City: A Dame to Kill For,False,65000000,"['Crime', 'Action', 'Thriller']",en,"['Residaco', 'Miramax', 'Troublemaker Studios', 'Aldamisa Entertainment', 'Demarest Films', 'Solipsist Film', 'AR Films']",28.145,39407616,['United States of America'],2014-08-20,102,6.3,2344
192,The Name of the Rose,False,20000000,"['Drama', 'Thriller', 'Mystery']",en,"['Cristaldifilm', 'Les Films Ariane', 'ZDF', 'RAI']",15.789,77200000,"['France', 'Italy', 'Germany']",1986-09-24,130,7.4,1565
193,Star Trek: Generations,False,38000000,"['Science Fiction', 'Action', 'Adventure', 'Thriller']",en,['Paramount'],10.027,120000000,['United States of America'],1994-11-17,118,6.5,694
194,Amélie,False,10000000,"['Comedy', 'Romance']",fr,"['France 3 Cinéma', 'Claudie Ossard Productions', 'MMC Independent', 'Tapioca Films', 'Sofica Sofinergie 5', 'Victoires Productions', 'Union Générale Cinématographique (UGC)', 'Canal+', 'Filmstiftung Nordrhein-Westfalen']",20.485,173921954,"['France', 'Germany']",2001-04-25,122,7.9,6687
196,Back to the Future Part III,False,40000000,"['Adventure', 'Comedy', 'Science Fiction']",en,"['Universal Pictures', 'Amblin Entertainment', 'U-Drive Productions']",16.553,244527583,['United States of America'],1990-05-25,118,7.4,5872
197,Braveheart,False,72000000,"['Action', 'Drama', 'History', 'War']",en,"['Icon Entertainment International', 'The Ladd Company', 'B.H. Finance C.V.']",22.584,210000000,['United States of America'],1995-05-24,178,7.9,5812
199,Star Trek: First Contact,False,46000000,"['Science Fiction', 'Action', 'Adventure', 'Thriller']",en,"['Digital Image Associates', 'Paramount']",15.652,150000000,['United States of America'],1996-11-21,111,7.2,985
200,Star Trek: Insurrection,False,70000000,"['Science Fiction', 'Action', 'Adventure', 'Thriller']",en,"['Paramount', 'Digital Image Associates']",14.28,118000000,['United States of America'],1998-12-10,103,6.4,628
201,Star Trek: Nemesis,False,60000000,"['Science Fiction', 'Action', 'Adventure', 'Thriller']",en,"['Paramount', 'Digital Image Associates']",13.487,67312826,['United States of America'],2002-12-13,117,6.2,752
203,Mean Streets,False,500000,"['Drama', 'Crime']",en,['Scorsese Productions'],14.364,3000000,['United States of America'],1973-10-02,110,7.2,914
205,Hotel Rwanda,False,17500000,"['Drama', 'History', 'War']",en,"['Sixth Sense Productions', 'United Artists', 'Lions Gate Films', 'Industrial Development Corporation of South Africa', 'Miracle Pictures', 'Inside Track Films', 'Mikado Film', 'Endgame Entertainment']",14.95,38000000,"['Canada', 'Italy', 'Rwanda', 'South Africa', 'United Kingdom', 'United States of America']",2004-09-11,121,7.7,1521
207,Dead Poets Society,False,16400000,['Drama'],en,"['Touchstone Pictures', 'Silver Screen Partners IV']",20.098,235860116,['United States of America'],1989-06-02,128,8.3,6263
213,North by Northwest,False,4000000,"['Mystery', 'Thriller']",en,['Metro-Goldwyn-Mayer'],19.075,13275000,['United States of America'],1959-07-07,136,8.0,2035
214,Saw III,False,10000000,"['Horror', 'Thriller', 'Crime']",en,"['Twisted Pictures', 'Evolution Entertainment', 'Lions Gate Films']",17.317,163876815,['United States of America'],2006-10-27,114,6.4,2392
215,Saw II,False,4000000,['Horror'],en,"['Saw 2 Productions', 'Lions Gate Films', 'Got Films', 'Twisted Pictures', 'Evolution Entertainment']",19.56,152925093,['United States of America'],2005-10-28,89,6.5,2857
217,Indiana Jones and the Kingdom of the Crystal Skull,False,185000000,"['Adventure', 'Action']",en,"['Paramount', 'Lucasfilm']",27.331,786636033,['United States of America'],2008-05-21,122,5.9,4770
218,The Terminator,False,6400000,"['Action', 'Thriller', 'Science Fiction']",en,"['Orion Pictures', 'Pacific Western', 'Hemdale Film', 'Cinema 84', 'Euro Film Funding']",47.284,78371200,"['United Kingdom', 'United States of America']",1984-10-26,108,7.5,7294
219,Volver,False,12899867,"['Comedy', 'Drama', 'Romance']",es,['El Deseo'],12.637,85582407,['Spain'],2006-03-16,121,7.5,827
220,East of Eden,False,1,"['Drama', 'Romance']",en,['Warner Bros. Pictures'],8.441,5,['United States of America'],1955-03-09,115,7.7,340
223,Rebecca,False,1288000,"['Drama', 'Mystery']",en,['Selznick International Pictures'],14.027,6000000,['United States of America'],1940-04-12,130,7.9,713
226,Boys Don't Cry,False,2000000,"['Crime', 'Drama']",en,"['IFC Films', 'Fox Searchlight Pictures', 'The Independent Film Channel Productions', 'Killer Films', 'Hart-Sharp Entertainment']",12.39,11540607,['United States of America'],1999-09-02,118,7.5,686
227,The Outsiders,False,10000000,"['Crime', 'Drama']",en,"['American Zoetrope', 'Warner Bros. Pictures']",11.404,33697647,['United States of America'],1983-03-25,91,7.2,597
231,Syriana,False,50000000,"['Drama', 'Thriller']",en,"['Participant Media', '4M', 'Section Eight', 'FilmWorks', 'MID Foundation', 'Warner Bros. Pictures']",12.343,93974620,['United States of America'],2005-11-23,128,6.4,740
232,Rumble Fish,False,10000000,"['Action', 'Crime', 'Drama']",en,['Universal Pictures'],8.861,2494480,['United States of America'],1983-10-20,94,7.2,292
233,The Wanderers,False,0,['Drama'],en,"['Orion Pictures Corporation', 'Warner Bros. Home Entertainment Group']",7.956,23000000,['United States of America'],1979-07-13,117,7.4,86
235,Stand by Me,False,8000000,"['Crime', 'Drama']",en,"['Columbia Pictures', 'Act III Productions']",23.824,52287414,['United States of America'],1986-08-08,89,7.9,3074
236,Muriel's Wedding,False,3000000,"['Drama', 'Comedy', 'Romance']",en,"['CiBy 2000', 'Film Victoria', 'House & Moorhouse Films']",9.873,15119639,"['Australia', 'France']",1994-08-22,106,7.1,190
237,Young Adam,False,6400000,"['Drama', 'Thriller', 'Crime', 'Romance']",en,['Recorded Picture Company (RPC)'],8.628,2500000,"['France', 'United Kingdom']",2003-09-26,93,5.9,80
238,The Godfather,False,6000000,"['Drama', 'Crime']",en,"['Paramount', 'Alfran Productions']",43.364,245066411,['United States of America'],1972-03-14,175,8.6,10769
239,Some Like It Hot,False,2883848,"['Comedy', 'Romance']",en,"['The Mirisch Corporation', 'Ashton Productions']",18.117,25000000,['United States of America'],1959-03-18,122,8.2,1693
240,The Godfather: Part II,False,13000000,"['Drama', 'Crime']",en,"['Paramount', 'The Coppola Company']",30.605,102600000,['United States of America'],1974-12-20,202,8.5,6334
241,Natural Born Killers,False,34000000,"['Crime', 'Thriller', 'Drama']",en,"['J D Productions', 'Regency Enterprises', 'Alcor Films', 'Ixtlan', 'New Regency Pictures', 'Warner Bros. Pictures']",18.315,50282766,['United States of America'],1994-08-25,119,7.1,1763
242,The Godfather: Part III,False,54000000,"['Crime', 'Drama', 'Thriller']",en,['Paramount'],19.651,136766062,"['Italy', 'United States of America']",1990-12-24,162,7.4,3148
243,High Fidelity,False,30000000,"['Comedy', 'Drama', 'Romance', 'Music']",en,"['Buena Vista Pictures', 'Touchstone Pictures']",13.358,47126295,"['United Kingdom', 'United States of America']",2000-03-17,113,7.2,1074
244,King Kong,False,672000,"['Adventure', 'Drama', 'Horror']",en,['RKO Radio Pictures'],15.12,10000000,['United States of America'],1933-04-07,100,7.7,679
245,About a Boy,False,27000000,"['Drama', 'Comedy', 'Romance']",en,['Universal Pictures'],13.284,129000000,"['United Kingdom', 'United States of America']",2002-04-26,101,6.6,1302
248,Pocketful of Miracles,False,2900000,"['Comedy', 'Drama']",en,['Franton Production'],5.437,5000000,['United States of America'],1961-12-18,136,7.4,55
251,Ghost,False,22000000,"['Fantasy', 'Drama', 'Thriller', 'Mystery', 'Romance']",en,['Paramount'],21.004,505000000,['United States of America'],1990-07-12,127,7.1,3012
252,Willy Wonka & the Chocolate Factory,False,3000000,"['Family', 'Fantasy', 'Comedy']",en,"['Paramount', 'David L. Wolper Productions']",15.834,4000000,['United States of America'],1971-06-29,100,7.5,1753
253,Live and Let Die,False,7000000,"['Adventure', 'Action', 'Thriller']",en,"['United Artists', 'Eon Productions', 'Danjaq']",20.238,161777836,['United Kingdom'],1973-07-05,121,6.5,946
254,King Kong,False,207000000,"['Adventure', 'Drama', 'Action']",en,"['Universal Pictures', 'WingNut Films', 'Big Primate Pictures', 'MFPV Film']",22.373,550517357,"['New Zealand', 'United States of America', 'Germany']",2005-12-12,187,6.7,4538
257,Oliver Twist,False,50000000,"['Crime', 'Drama', 'Family']",en,"['ETIC Films', 'R.P. Productions', 'Runteam III Ltd.']",8.754,42093706,"['Czech Republic', 'France', 'Italy', 'United Kingdom']",2005-09-23,130,6.7,642
261,Cat on a Hot Tin Roof,False,3000000,"['Drama', 'Romance']",en,"['Avon Production', 'Metro-Goldwyn-Mayer']",10.667,17570324,['United States of America'],1958-02-17,108,7.8,347
266,Contempt,False,900000,['Drama'],fr,"['Rome Paris Films', 'Les Films Concordia', 'Compagnia Cinematografica Champion']",8.069,528428,"['France', 'Italy']",1963-10-21,103,7.4,314
267,Live Flesh,False,0,"['Drama', 'Romance', 'Thriller']",es,"['France 3 Cinéma', 'El Deseo', 'CiBy 2000']",8.848,1535558,"['France', 'Spain']",1997-10-28,103,7.2,215
268,Batman,False,35000000,"['Fantasy', 'Action']",en,"['PolyGram Filmed Entertainment', 'The Guber-Peters Company', 'Warner Bros. Pictures', 'DC Entertainment', 'DC Comics']",23.566,411348924,"['United Kingdom', 'United States of America']",1989-06-23,126,7.1,4157
272,Batman Begins,False,150000000,"['Action', 'Crime', 'Drama']",en,"['DC Comics', 'Legendary Entertainment', 'DC Entertainment', 'Syncopy', 'Patalex III Productions Limited', 'Warner Bros. Pictures']",45.374,374218673,"['United Kingdom', 'United States of America']",2005-06-10,140,7.6,12925
274,The Silence of the Lambs,False,19000000,"['Crime', 'Drama', 'Thriller', 'Horror']",en,"['Strong Heart/Demme Production', 'Orion Pictures']",5.696,272742922,['United States of America'],1991-02-01,119,8.3,9059
275,Fargo,False,7000000,"['Crime', 'Drama', 'Thriller']",en,"['PolyGram Filmed Entertainment', 'Working Title Films']",22.585,60611975,"['United Kingdom', 'United States of America']",1996-03-08,98,7.9,4133
277,Underworld,False,22000000,"['Fantasy', 'Action', 'Thriller']",en,"['Screen Gems', 'Lakeshore Entertainment', 'Laurinfilm', 'Subterranean Productions LLC', 'Subterranean Productions UK Ltd.', 'Underworld Produktions GmbH']",20.042,95708457,"['Germany', 'Hungary', 'United Kingdom', 'United States of America']",2003-09-19,121,6.7,4042
278,The Shawshank Redemption,False,25000000,"['Drama', 'Crime']",en,"['Castle Rock Entertainment', 'Warner Bros. Pictures']",34.4,28341469,['United States of America'],1994-09-23,142,8.7,14085
279,Amadeus,False,18000000,"['Drama', 'History', 'Music']",en,"['AMLF', 'The Saul Zaentz Company']",18.858,51973029,['United States of America'],1984-09-06,160,8.0,2202
280,Terminator 2: Judgment Day,False,102000000,"['Action', 'Thriller', 'Science Fiction']",en,"['T2 Productions', 'Lightstorm Entertainment', 'Pacific Western', 'Canal+', 'Carolco Pictures', 'TriStar Pictures']",42.925,520000000,"['France', 'United States of America']",1991-07-03,137,7.9,7130
281,Strange Days,False,42000000,"['Crime', 'Drama', 'Science Fiction', 'Thriller']",en,['Lightstorm Entertainment'],11.056,7959291,['United States of America'],1995-10-13,145,7.0,625
284,The Apartment,False,3000000,"['Comedy', 'Drama', 'Romance']",en,"['United Artists', 'The Mirisch Company']",13.609,25000000,['United States of America'],1960-06-15,125,8.2,983
285,Pirates of the Caribbean: At World's End,False,300000000,"['Adventure', 'Fantasy', 'Action']",en,"['Jerry Bruckheimer Films', 'Second Mate Productions', 'Walt Disney Pictures']",29.058,961000000,['United States of America'],2007-05-19,169,7.1,8842
287,Bull Durham,False,7000000,"['Comedy', 'Romance']",en,['The Mount Company'],14.006,50888000,['United States of America'],1988-06-15,108,6.8,280
288,High Noon,False,730000,['Western'],en,"['Stanley Kramer Productions', 'United Artists']",16.874,8000000,['United States of America'],1952-03-27,85,7.7,662
289,Casablanca,False,878000,"['Drama', 'Romance']",en,['Warner Bros. Pictures'],18.911,10462500,['United States of America'],1942-11-26,102,8.1,2723
290,Barton Fink,False,9000000,"['Comedy', 'Drama']",en,"['Working Title Films', 'Circle Films', '20th Century Fox']",14.122,6153939,"['United Kingdom', 'United States of America']",1991-08-01,116,7.5,847
291,Riding Giants,False,2600000,['Documentary'],en,[],4.849,3166000,"['France', 'United States of America']",2004-07-09,105,8.0,25
292,Dave Chappelle's Block Party,False,3000000,"['Comedy', 'Documentary', 'Music']",en,['Yari Film Group'],6.352,11718595,['United States of America'],2005-09-12,100,6.8,56
293,A River Runs Through It,False,12000000,['Drama'],en,['Columbia Pictures'],10.659,43440294,['United States of America'],1992-10-09,123,7.1,484
294,Desert Hearts,False,350000,"['Drama', 'Romance']",en,"['Desert Hearts Productions', 'Samuel Goldwyn Company']",8.163,2400000,['United States of America'],1985-10-01,91,7.3,54
296,Terminator 3: Rise of the Machines,False,200000000,"['Action', 'Thriller', 'Science Fiction']",en,"['Columbia Pictures', 'Intermedia Films', 'C-2 Pictures', 'IMF Internationale Medien und Film GmbH & Co. 3. Produktions KG', 'Mostow/Lieberman Productions', 'Warner Bros. Pictures']",32.209,435000000,"['Germany', 'United Kingdom', 'United States of America']",2003-07-02,109,6.0,3776
297,Meet Joe Black,False,90000000,"['Fantasy', 'Drama', 'Mystery']",en,"['Universal Pictures', 'City Light Films']",17.239,142940100,['United States of America'],1998-11-12,178,7.1,2422
298,Ocean's Thirteen,False,85000000,"['Crime', 'Thriller']",en,"['Section Eight', 'Village Roadshow Pictures', 'Jerry Weintraub Productions', 'Warner Bros. Pictures']",17.239,311312624,['United States of America'],2007-06-06,122,6.7,3712
300,The Science of Sleep,False,6000000,"['Comedy', 'Drama', 'Fantasy']",fr,"['Partizan Films', 'Gaumont', 'France 3 Cinéma', 'TPS Star', 'Mikado Film', 'Canal+']",8.121,9524340,"['France', 'Italy']",2006-02-11,105,7.0,404
301,Rio Bravo,False,0,"['Western', 'Drama']",en,['Warner Bros. Pictures'],10.679,5800000,['United States of America'],1959-03-17,141,7.9,528
302,Swimming Pool,False,7800000,"['Crime', 'Thriller']",en,"['France 2 Cinéma', 'Canal+', 'Fidélité Productions', 'Gimages', 'FOZ', 'Headforce Ltd.']",9.538,22441323,"['France', 'United Kingdom']",2003-05-18,102,6.4,304
303,Notorious,False,2000000,"['Thriller', 'Drama', 'Romance']",en,['RKO Radio Pictures'],14.811,24464742,['United States of America'],1946-08-15,103,7.9,716
306,Beverly Hills Cop III,False,50000000,"['Action', 'Comedy', 'Crime']",en,"['Paramount', 'Eddie Murphy Productions']",14.54,119208989,['United States of America'],1994-05-24,104,5.8,862
308,Broken Flowers,False,10000000,"['Comedy', 'Drama', 'Mystery', 'Romance']",en,"['Focus Features', 'Bac Films', 'Five Roses']",11.33,46720491,"['France', 'United States of America']",2005-05-17,106,6.9,643
309,The Celebration,False,1300000,['Drama'],da,"['Danmarks Radio (DR)', 'SVT', 'Nimbus Film']",10.237,0,"['Denmark', 'Sweden']",1998-06-19,105,7.8,416
310,Bruce Almighty,False,80000000,"['Fantasy', 'Comedy']",en,"['Pit Bull Productions', 'Spyglass Entertainment', 'Universal Pictures', 'Shady Acres Entertainment']",30.941,484572835,['United States of America'],2003-05-23,101,6.6,6700
311,Once Upon a Time in America,False,20000000,"['Drama', 'Crime']",en,"['The Ladd Company', 'Embassy International Pictures', 'Producers Sales Organization (PSO)', 'Rafran Cinematografica', 'St. Petersburg Clearwater Film Commission']",23.152,5300000,"['United States of America', 'Italy']",1984-05-23,229,8.4,2439
313,Snow Cake,False,12000000,"['Romance', 'Drama']",en,"['Revolution Films', 'Rhombus Media']",7.375,1381665,"['Canada', 'United Kingdom']",2006-01-24,112,7.2,87
314,Catwoman,False,100000000,"['Action', 'Fantasy', 'Mystery']",en,"['Village Roadshow Pictures', 'DiNovi Pictures', 'Frantic Films', 'Maple Shade Films', 'Catwoman Films', 'Warner Bros. Pictures', 'DC Entertainment', 'DC Comics']",24.082,82102379,['United States of America'],2004-07-22,104,4.4,1906
319,True Romance,False,12500000,"['Action', 'Thriller', 'Crime', 'Romance']",en,"['Morgan Creek Productions', 'Davis-Films', 'August Entertainment', 'Warner Bros. Pictures']",16.923,12281551,['United States of America'],1993-09-09,120,7.5,1364
320,Insomnia,False,46000000,"['Crime', 'Mystery', 'Thriller']",en,"['Alcon Entertainment', 'Witt/Thomas Productions', 'Section Eight']",16.393,113714830,['United States of America'],2002-05-24,118,6.9,2401
321,Mambo Italiano,False,4361898,"['Comedy', 'Romance']",en,['icon'],5.089,3031801,['Canada'],2003-06-06,92,6.1,44
322,Mystic River,False,25000000,"['Thriller', 'Crime', 'Drama', 'Mystery']",en,"['Malpaso Productions', 'Village Roadshow Pictures', 'NPV Entertainment', 'Warner Bros. Pictures']",18.129,156822020,['United States of America'],2003-10-07,138,7.7,3320
326,Snakes on a Plane,False,33000000,"['Action', 'Crime', 'Horror', 'Thriller', 'Drama', 'Mystery']",en,['New Line Cinema'],16.037,62022014,['United States of America'],2006-08-06,105,5.2,911
327,Brother,False,12000000,"['Crime', 'Drama', 'Thriller']",ja,"['Recorded Picture Company (RPC)', 'Office Kitano', 'Bandai Visual', 'Fuzzy Bunny Films (I)', 'Little Brother Inc.', 'Tokyo FM Broadcasting Co.']",8.314,15250000,"['United Kingdom', 'Japan', 'United States of America']",2000-09-09,114,7.0,177
329,Jurassic Park,False,63000000,"['Adventure', 'Science Fiction']",en,"['Universal Pictures', 'Amblin Entertainment']",22.188,920100000,['United States of America'],1993-06-11,127,7.9,9613
330,The Lost World: Jurassic Park,False,73000000,"['Adventure', 'Action', 'Science Fiction']",en,"['Universal Pictures', 'Amblin Entertainment']",1.737,618638999,['United States of America'],1997-05-23,129,6.4,4724
331,Jurassic Park III,False,93000000,"['Adventure', 'Action', 'Thriller', 'Science Fiction']",en,"['Amblin Entertainment', 'Universal Pictures']",1.282,368780809,['United States of America'],2001-07-18,92,6.0,4058
332,Inspector Gadget,False,75000000,"['Action', 'Adventure', 'Comedy', 'Family']",en,"['DiC Entertainment', 'Walt Disney Pictures', 'Caravan Pictures']",9.713,0,['United States of America'],1999-07-23,78,4.4,675
334,Magnolia,False,37000000,['Drama'],en,"['Ghoulardi Film Company', 'The Magnolia Project', 'New Line Cinema']",19.771,48451803,['United States of America'],1999-12-10,189,7.7,1729
335,Once Upon a Time in the West,False,5000000,['Western'],it,"['Paramount', 'Rafran Cinematografica', 'Finanzia San Marco']",20.669,5321508,"['Italy', 'Spain', 'United States of America']",1968-12-21,166,8.3,2202
337,Monsieur Ibrahim,False,0,['Drama'],fr,['ARP Sélection'],4.881,11576431,['France'],2003-09-17,94,7.1,64
338,"Good bye, Lenin!",False,4800000,"['Comedy', 'Drama']",de,"['Westdeutscher Rundfunk', 'ARTE', 'X-Filme Creative Pool']",12.061,79384880,['Germany'],2003-02-09,121,7.5,1168
339,Night on Earth,False,3500000,"['Comedy', 'Drama']",en,"['Channel Four Films', 'JVC Entertainment', 'Le Studio Canal+', 'Locus Solus Entertainment', 'Pyramide Productions', 'Victor Musical Industries, Inc.', 'Pandora Film']",12.902,2015810,"['Germany', 'Finland', 'France', 'United Kingdom', 'United States of America']",1991-12-12,129,7.6,367
340,Everything is Illuminated,False,7000000,"['Comedy', 'Drama']",en,"['Stillking Films', 'Warner Independent Pictures (WIP)', 'Telegraph Films', 'Big Beach']",8.585,2697930,['United States of America'],2005-09-16,106,7.4,413
342,Summer Storm,False,2700000,"['Comedy', 'Drama']",de,['Claussen+Wöbke Filmproduktion'],7.238,0,['Germany'],2004-09-02,98,6.9,105
345,Eyes Wide Shut,False,65000000,"['Mystery', 'Drama', 'Thriller']",en,"['Pole Star', 'Stanley Kubrick Productions', 'Hobby Films', 'Warner Bros. Pictures']",19.422,162091208,"['United Kingdom', 'United States of America']",1999-07-16,159,7.4,2908
346,Seven Samurai,False,2000000,"['Action', 'Drama']",ja,"['Toho Company, Ltd.']",21.808,271841,['Japan'],1954-04-26,207,8.4,1601
348,Alien,False,11000000,"['Horror', 'Science Fiction']",en,"['Brandywine Productions', '20th Century Fox']",40.57,104931801,"['United States of America', 'United Kingdom']",1979-05-25,117,8.1,8056
350,The Devil Wears Prada,False,35000000,"['Comedy', 'Drama', 'Romance']",en,"['Fox 2000 Pictures', 'Dune Entertainment', 'Major Studio Partners', 'Peninsula Films', '20th Century Fox']",41.525,326551094,['United States of America'],2006-06-30,109,7.3,6991
363,Head-On,False,0,"['Drama', 'Romance']",de,"['Corazón International', 'Panfilm', 'Wüste Filmproduktion', 'ARTE', 'Bavaria Film International', 'Norddeutscher Rundfunk']",6.913,11030861,"['Germany', 'Turkey']",2004-03-11,121,7.5,249
364,Batman Returns,False,80000000,"['Action', 'Fantasy']",en,"['PolyGram Filmed Entertainment', 'Warner Bros. Pictures', 'DC Entertainment', 'DC Comics']",26.245,280000000,"['United Kingdom', 'United States of America']",1992-06-19,126,6.8,3463
377,A Nightmare on Elm Street,False,1800000,['Horror'],en,"['New Line Cinema', 'Smart Egg Pictures']",22.378,25504513,['United States of America'],1984-11-14,91,7.3,2623
378,Raising Arizona,False,6000000,"['Comedy', 'Crime']",en,['Circle Films'],13.621,29180280,['United States of America'],1987-03-01,94,7.1,1023
379,Miller's Crossing,False,14000000,"['Drama', 'Thriller', 'Crime']",en,"['Circle Films', '20th Century Fox']",14.514,5080409,['United States of America'],1990-09-21,115,7.6,802
380,Rain Man,False,25000000,['Drama'],en,"['United Artists', 'Star Partners II Ltd.']",17.392,412800000,['United States of America'],1988-12-11,134,7.7,3376
381,To Catch a Thief,False,2500000,"['Crime', 'Drama', 'Mystery', 'Romance', 'Thriller']",en,['Paramount'],12.445,8750000,['United States of America'],1955-08-03,106,7.4,635
387,Das Boot,False,14000000,"['Drama', 'History', 'War']",de,"['Radiant Film GmbH', 'Südwestdeutscher Rundfunk', 'Bavaria Film', 'Twin Bros. Productions', 'Columbia Pictures', 'Westdeutscher Rundfunk']",13.499,85000000,['Germany'],1981-09-16,150,8.0,1042
388,Inside Man,False,45000000,"['Crime', 'Drama', 'Thriller']",en,"['40 Acres & A Mule Filmworks', 'Imagine Entertainment', 'Universal Pictures']",17.683,185798265,['United States of America'],2006-03-23,129,7.4,3093
389,12 Angry Men,False,350000,['Drama'],en,"['United Artists', 'Orion-Nova Productions']",21.29,1000000,['United States of America'],1957-03-25,97,8.4,4051
391,A Fistful of Dollars,False,200000,['Western'],it,"['United Artists', 'Constantin Film', 'Jolly Film', 'Ocean Films']",17.094,14500000,"['Italy', 'Germany', 'Spain']",1964-09-12,99,7.9,1985
392,Chocolat,False,25000000,"['Comedy', 'Drama', 'Romance']",en,"['Fat Free', 'Miramax', 'David Brown Productions']",15.441,152500343,"['United Kingdom', 'United States of America']",2000-12-14,121,6.9,1966
393,Kill Bill: Vol. 2,False,30000000,"['Action', 'Crime', 'Thriller']",en,"['Super Cool ManChu', 'Miramax', 'A Band Apart']",25.83,152159461,['United States of America'],2004-04-16,136,7.8,8139
395,AVP: Alien vs. Predator,False,70000000,"['Adventure', 'Science Fiction', 'Action', 'Horror']",en,"['Revolution Sun Studios', 'Impact Pictures', 'Studio Babelsberg', 'Davis Entertainment', 'Stillking Films', 'Brandywine Productions', 'Lonlink Productions', 'Kut Productions', 'Inside Track Films', 'Charenton Productions Limited', '20th Century Fox']",22.144,171183863,"['Canada', 'Czech Republic', 'Germany', 'United Kingdom', 'United States of America']",2004-08-12,101,5.7,2324
396,Who's Afraid of Virginia Woolf?,False,7500000,['Drama'],en,"['Chenault Productions', 'Warner Bros. Pictures']",8.883,33736689,['United States of America'],1966-06-21,131,7.9,382
398,Capote,False,7000000,"['Crime', 'Drama']",en,"[""Cooper's Town Productions"", 'Infinity Media', 'A-Line Pictures', 'Eagle Vision']",13.882,49084830,"['Canada', 'United States of America']",2005-09-30,114,7.0,727
400,Things to Do in Denver When You're Dead,False,8000000,"['Drama', 'Crime']",en,['Miramax'],11.085,529766,['United States of America'],1995-12-01,116,6.6,175
401,Garden State,False,2500000,"['Comedy', 'Drama', 'Romance']",en,"['Fox Searchlight Pictures', 'Double Feature Films', 'Jersey Films', 'Camelot Pictures', ""Large's Ark Productions""]",13.175,26781723,['United States of America'],2004-07-28,102,7.2,1042
402,Basic Instinct,False,49000000,"['Thriller', 'Mystery']",en,"['Canal+', 'Carolco Pictures']",27.56,352927224,"['France', 'United States of America']",1992-03-20,127,6.7,1680
403,Driving Miss Daisy,False,7500000,"['Comedy', 'Drama']",en,"['The Zanuck Company', 'Majestic Films International', 'Warner Bros. Pictures']",14.132,145793296,['United States of America'],1989-12-13,99,7.3,712
404,The Straight Story,False,10000000,['Drama'],en,"['Walt Disney Pictures', 'Asymmetrical Productions', 'Channel Four Films', 'Les Films Alain Sarde', 'StudioCanal', 'The Picture Factory', 'The Straight Story, Inc', 'Canal+', 'CiBy 2000']",13.833,6203044,['United States of America'],1999-10-15,112,7.8,671
408,Snow White and the Seven Dwarfs,False,1488423,"['Fantasy', 'Animation', 'Family']",en,['Walt Disney Productions'],28.858,184925486,['United States of America'],1937-12-20,83,7.0,4464
409,The English Patient,False,27000000,"['Drama', 'Romance', 'War']",en,"['Miramax', 'Tiger Moth Productions']",14.954,231976425,"['United Kingdom', 'United States of America']",1996-11-05,162,7.2,1060
411,"The Chronicles of Narnia: The Lion, the Witch and the Wardrobe",False,180000000,"['Adventure', 'Family', 'Fantasy']",en,"['Walt Disney Pictures', 'Walden Media']",31.105,745013115,"['United Kingdom', 'United States of America']",2005-12-07,143,7.0,6180
414,Batman Forever,False,100000000,"['Action', 'Crime', 'Fantasy']",en,"['DC Comics', 'Polygram Filmed Entertainment', 'Warner Bros. Pictures', 'DC Entertainment']",17.765,336529144,"['United Kingdom', 'United States of America']",1995-06-16,121,5.3,2967
415,Batman & Robin,False,125000000,"['Science Fiction', 'Action', 'Fantasy', 'Comedy']",en,"['DC Comics', 'PolyGram Filmed Entertainment', 'Warner Bros. Pictures', 'DC Entertainment']",23.447,238207122,"['United Kingdom', 'United States of America']",1997-06-20,125,4.2,2864
421,The Life Aquatic with Steve Zissou,False,50000000,"['Adventure', 'Comedy', 'Drama']",en,"['American Empirical Pictures', 'Touchstone Pictures']",14.368,34808403,['United States of America'],2004-12-10,119,7.2,1444
423,The Pianist,False,35000000,"['Drama', 'War']",en,"['Canal+ Polska', 'Bac Films', 'Heritage Films', 'Studio Babelsberg', 'Agencja Produkcji Filmowej', 'FilmFernsehFonds Bayern', 'Filmboard Berlin-Brandenburg (FBB)', 'R.P. Productions', 'StudioCanal', 'Canal+', 'Telewizja Polska', 'Runteam', 'FFA']",25.676,120072577,"['France', 'Germany', 'Poland', 'United Kingdom']",2002-09-17,150,8.3,4386
424,Schindler's List,False,22000000,"['Drama', 'History', 'War']",en,"['Universal Pictures', 'Amblin Entertainment']",29.771,321365567,['United States of America'],1993-11-30,195,8.6,8621
425,Ice Age,False,59000000,"['Animation', 'Comedy', 'Family', 'Adventure']",en,"['Blue Sky Studios', '20th Century Fox Animation', '20th Century Fox']",27.543,383257136,['United States of America'],2002-03-10,81,7.3,8007
426,Vertigo,False,2479000,"['Mystery', 'Romance', 'Thriller']",en,"['Paramount', 'Alfred J. Hitchcock Productions']",22.803,28000000,['United States of America'],1958-05-09,128,8.2,2728
429,"The Good, the Bad and the Ugly",False,1200000,['Western'],it,"['United Artists', 'Constantin Film', 'Produzioni Europee Associati (PEA)', 'Arturo González Producciones Cinematográficas S.A.']",27.549,25100000,"['United States of America', 'Italy', 'Spain', 'Germany']",1966-12-23,161,8.4,4351
430,"One, Two, Three",False,3000000,"['Comedy', 'Family']",en,['The Mirisch Corporation'],7.427,4000000,['United States of America'],1961-12-15,115,7.8,144
431,Cube,False,250000,"['Thriller', 'Science Fiction', 'Mystery']",en,"['Cube Libre', 'Feature Film Project', 'Harold Greenberg Fund', 'Odeon Films', 'Ontario Film Development Corporation', 'Téléfilm Canada', 'Viacom Canada']",15.67,501818,['Canada'],1997-09-09,90,6.8,2407
433,Mary Poppins,False,6000000,"['Comedy', 'Family', 'Fantasy']",en,['Walt Disney Productions'],18.282,102272727,['United States of America'],1964-08-27,139,7.6,2862
435,The Day After Tomorrow,False,125000000,"['Action', 'Adventure', 'Science Fiction', 'Thriller']",en,"[""Mel's Cite du Cinema"", 'Lions Gate Films', 'Centropolis Entertainment', '20th Century Fox', 'The Mark Gordon Company']",13.729,544272402,['United States of America'],2004-05-26,124,6.4,4636
436,Maria Full of Grace,False,0,"['Drama', 'Thriller', 'Crime']",es,"['Journeyman Pictures', 'Fine Line Features', 'HBO Films']",8.312,0,"['Ecuador', 'Colombia', 'United States of America']",2004-01-18,101,7.3,189
439,La Dolce Vita,False,0,"['Comedy', 'Drama']",it,"['Pathé Consortium Cinéma', 'Riama Film', 'Société Nationale Pathé Cinéma']",8.713,19516000,"['France', 'Italy']",1960-02-05,176,8.1,759
440,Aliens vs Predator: Requiem,False,40000000,"['Fantasy', 'Action', 'Science Fiction', 'Thriller', 'Horror']",en,"['Dune Entertainment', 'Davis Entertainment', 'Brandywine Productions', '20th Century Fox']",22.002,41797066,['United States of America'],2007-12-25,94,4.9,1367
441,Human Nature,False,6000000,"['Drama', 'Comedy']",en,"['Senator Film Produktion', 'Fine Line Features', 'StudioCanal', 'Good Machine', 'Beverly Detroit', 'Partizan']",7.753,705308,['United States of America'],2001-05-18,96,6.2,127
442,Popular Music,False,2224000,"['Comedy', 'Drama']",sv,"['Solar Films', 'Happy End Filmproductions', 'Filmpool Nord', 'Svensk Filmindustri', 'Fine & Mellow Productions']",4.316,28000000,"['Denmark', 'Finland', 'Sweden']",2004-10-01,100,6.2,22
445,Caché,False,8731048,"['Mystery', 'Drama', 'Thriller']",fr,"['Les Films du Losange', 'wega film vienna', 'BIM Distribuzione', 'Centre National de la Cinématographie', 'Filmstiftung Nordrhein-Westfalen', 'France 3 Cinéma', 'Eurimages', 'Bavaria Film', 'Filmfonds Wien', 'ORF Film/Fernseh-Abkommen', 'Österreichisches Filminstitut', 'Canal+', 'StudioCanal', 'ARTE France Cinéma', 'Westdeutscher Rundfunk']",11.458,36000000,"['Austria', 'France', 'Germany', 'Italy', 'United States of America']",2005-10-05,117,7.2,461
451,Leaving Las Vegas,False,3600000,"['Drama', 'Romance']",en,"['Intial Productions', 'United Artists', 'Lumière Pictures']",16.3,49800000,['United States of America'],1995-10-27,112,7.2,647
452,The Idiots,False,2500000,"['Drama', 'Comedy']",da,"['Zentropa Entertainments', 'DR TV']",23.038,7235,"['Denmark', 'France', 'Germany', 'Italy', 'Netherlands', 'Sweden']",1998-04-28,117,6.6,242
453,A Beautiful Mind,False,60000000,"['Drama', 'Romance']",en,"['Universal Pictures', 'Imagine Entertainment', 'DreamWorks Pictures']",24.007,313542341,['United States of America'],2001-12-11,135,7.8,5850
454,Romeo + Juliet,False,14500000,"['Drama', 'Romance']",en,"['Bazmark Films', '20th Century Fox']",21.9,147298761,['United States of America'],1996-11-01,120,6.8,2938
455,Bend It Like Beckham,False,3500159,"['Comedy', 'Drama', 'Romance']",en,"['Fox Searchlight Pictures', 'Kintop Pictures', 'FilmFörderung Hamburg', 'UK Film Council']",10.655,76578641,"['United States of America', 'United Kingdom', 'India', 'Germany']",2002-04-11,112,6.2,1158
462,Erin Brockovich,False,52000000,['Drama'],en,['Jersey Films'],13.991,256271286,['United States of America'],2000-03-17,131,7.3,1610
464,As It Is in Heaven,False,0,"['Romance', 'Drama', 'Comedy', 'Music']",sv,"['GF Studios', 'Sonet Film', 'Filmpool Nord', 'SVT', 'K. Pollak Film', 'ASA Film Production']",4.83,0,"['Denmark', 'Sweden']",2004-09-03,132,7.3,73
468,My Own Private Idaho,False,2500000,"['Drama', 'Adventure']",en,['Fine Line Features'],12.442,6401336,['United States of America'],1991-02-01,104,7.1,492
470,21 Grams,False,20000000,"['Drama', 'Crime', 'Thriller']",en,"['This Is That Productions', 'Y Productions', 'Mediana Productions Filmgesellschaft']",15.562,60427839,['United States of America'],2003-09-06,124,7.3,1683
473,Pi,False,60000,"['Mystery', 'Drama', 'Thriller']",en,"['Harvest Filmworks', 'Truth and Soul Pictures Inc', 'Plantain Films', 'Protozoa Pictures']",14.683,3221152,['United States of America'],1998-07-10,84,7.1,1152
475,Bonnie and Clyde,False,2500000,"['Crime', 'Drama']",en,"['Tatira-Hiller Productions', 'Warner Brothers-Seven Arts']",20.827,50700000,['United States of America'],1967-07-18,111,7.6,741
476,Drugstore Cowboy,False,2500000,"['Crime', 'Drama']",en,['Avenue Pictures Productions'],10.335,4729352,['United States of America'],1989-09-09,101,7.2,222
479,Shaft,False,46000000,"['Action', 'Adventure', 'Crime', 'Thriller']",en,"['Paramount', 'Scott Rudin Productions', 'New Deal Productions', 'Shaft Productions', 'Munich Film Partners & Company (MFP) GHS Productions']",15.134,107196498,"['Germany', 'United States of America']",2000-06-15,99,5.8,604
480,Monsoon Wedding,False,0,"['Comedy', 'Drama', 'Romance']",hi,"['IFC Films', 'Mirabai Films']",6.026,0,['India'],2001-08-30,114,6.9,112
482,Shaft,False,4000000,"['Adventure', 'Action', 'Thriller', 'Crime']",en,"['Shaft Productions', 'Metro-Goldwyn-Mayer']",10.665,12121618,['United States of America'],1971-07-02,100,6.6,131
483,Wild at Heart,False,9500000,"['Comedy', 'Crime', 'Thriller']",en,['Samuel Goldwyn Company'],13.989,14560247,['United States of America'],1990-08-17,124,7.1,701
488,The African Queen,False,1300000,"['Adventure', 'Romance']",en,"['United Artists', 'Independent Film Distributors', 'Romulus Films']",10.347,10750000,"['United Kingdom', 'United States of America']",1951-12-03,105,7.4,428
489,Good Will Hunting,False,10000000,['Drama'],en,"['Miramax', 'Lawrence Bender Productions', 'Be Gentlemen Limited Partnership']",24.086,225933435,"['Canada', 'United States of America']",1997-12-05,127,8.1,6343
492,Being John Malkovich,False,13000000,"['Comedy', 'Drama', 'Fantasy']",en,"['Gramercy Pictures', 'Propaganda Films', 'Single Cell Pictures']",19.387,22863596,['United States of America'],1999-10-29,113,7.4,2224
493,Shaft's Big Score!,False,1978000,"['Action', 'Adventure', 'Crime', 'Mystery']",en,"['Shaft Productions', 'Metro-Goldwyn-Mayer']",4.196,10000000,['United States of America'],1972-06-08,104,6.5,19
494,Shaft in Africa,False,2142000,"['Adventure', 'Action', 'Thriller', 'Crime', 'Mystery']",en,"['Shaft Productions', 'Metro-Goldwyn-Mayer']",4.804,1458000,['United States of America'],1973-06-14,112,6.1,15
496,Borat: Cultural Learnings of America for Make Benefit Glorious Nation of Kazakhstan,False,18000000,['Comedy'],en,"['Four By Two Productions', '20th Century Fox']",13.828,261572744,"['United Kingdom', 'United States of America']",2006-11-01,82,6.6,2781
497,The Green Mile,False,60000000,"['Fantasy', 'Drama', 'Crime']",en,"['Castle Rock Entertainment', 'Darkwoods Productions', 'Warner Bros. Pictures']",26.296,286801374,['United States of America'],1999-12-10,189,8.5,8935
500,Reservoir Dogs,False,1200000,"['Crime', 'Thriller']",en,"['Live Entertainment', 'Dog Eat Dog Productions']",24.532,0,['United States of America'],1992-09-02,99,8.2,7959
503,Poseidon,False,160000000,"['Adventure', 'Action', 'Drama', 'Thriller']",en,"['Virtual Studios', 'Radiant Productions', 'Next Entertainment', 'Irwin Allen Productions', 'Synthesis Entertainment']",16.763,181674817,['United States of America'],2006-05-12,99,5.7,1103
504,Monster,False,8000000,"['Crime', 'Drama']",en,"['Newmarket Films', 'Media 8 Entertainment', 'DEJ Productions', 'K/W Productions', 'Denver and Delilah Productions', 'VIP 2 Medienfonds', 'MDP Worldwide']",11.38,60378584,['United States of America'],2003-12-24,110,7.2,1068
505,Johnny Handsome,False,20000000,"['Crime', 'Drama']",en,"['Guber/Peters Company', 'Roven Productions', 'Carolco Pictures']",7.956,7237794,['United States of America'],1989-09-12,94,6.3,98
506,Marnie,False,2135161,"['Mystery', 'Thriller']",en,['Universal Pictures'],9.943,7000000,['United States of America'],1964-07-09,130,7.3,469
507,Killing Zoe,False,1500000,"['Action', 'Crime', 'Drama', 'Thriller']",en,['Live Entertainment'],9.001,418961,"['France', 'United States of America']",1993-10-01,96,6.2,173
508,Love Actually,False,40000000,"['Comedy', 'Romance', 'Drama']",en,"['Working Title Films', 'DNA Films', 'Universal Pictures', 'StudioCanal']",18.09,244931766,"['United Kingdom', 'United States of America']",2003-09-07,135,7.1,3794
509,Notting Hill,False,42000000,"['Romance', 'Comedy', 'Drama']",en,"['Notting Hill Pictures', 'Polygram Filmed Entertainment', 'Working Title Films', 'Bookshop Productions']",16.618,363889678,"['United Kingdom', 'United States of America']",1999-05-13,124,7.2,3111
510,One Flew Over the Cuckoo's Nest,False,3000000,['Drama'],en,"['United Artists', 'Fantasy Films', 'Warner Bros. Pictures']",26.095,108981275,['United States of America'],1975-11-18,133,8.4,5890
512,Scoop,False,4000000,"['Comedy', 'Mystery']",en,"['BBC Films', 'Ingenious Media', 'Perdido Prod.']",15.484,31584901,['United Kingdom'],2006-07-27,96,6.5,845
513,Fire,False,0,"['Drama', 'Romance']",en,"['Kaleidoscope Entertainment', 'Trial by Fire Films']",5.909,501533,"['Canada', 'India']",1997-08-22,108,6.8,31
521,Dial M for Murder,False,1400000,"['Crime', 'Thriller', 'Drama', 'Mystery']",en,['Warner Bros. Pictures'],26.226,3000000,['United States of America'],1954-05-29,105,8.0,1184
522,Ed Wood,False,18000000,"['Comedy', 'Drama', 'History']",en,['Touchstone Pictures'],13.353,5887457,['United States of America'],1994-09-27,127,7.5,1228
524,Casino,False,52000000,"['Crime', 'Drama']",en,"['Universal Pictures', 'Syalis DA', 'Légende Entreprises', 'De Fina-Cappa']",18.045,116112375,"['France', 'United States of America']",1995-11-22,179,8.0,2660
525,The Blues Brothers,False,27000000,"['Music', 'Comedy', 'Action', 'Crime']",en,['Universal Pictures'],17.159,115229890,['United States of America'],1980-06-17,133,7.7,2168
526,Ladyhawke,False,20000000,"['Adventure', 'Fantasy']",en,"['20th Century Fox', 'Warner Bros. Pictures']",12.267,18432000,['United States of America'],1985-03-27,121,7.0,603
527,Once Were Warriors,False,0,['Drama'],en,"['Avalon Studios', 'New Zealand Film Commission', 'NZ on Air']",7.361,1608570,['New Zealand'],1994-09-02,99,7.6,183
533,Wallace & Gromit: The Curse of the Were-Rabbit,False,30000000,"['Adventure', 'Animation', 'Comedy', 'Family']",en,"['Aardman Animations', 'DreamWorks Animation']",15.894,192610372,"['United Kingdom', 'United States of America']",2005-09-04,85,6.9,1374
534,Terminator Salvation,False,200000000,"['Action', 'Science Fiction', 'Thriller']",en,"['Columbia Pictures', 'The Halcyon Company', 'Wonderland Sound and Vision', 'Warner Bros. Pictures']",38.167,371353001,"['Germany', 'Italy', 'United Kingdom', 'United States of America']",2009-05-20,115,5.9,3916
535,Flashdance,False,4000000,"['Drama', 'Romance']",en,"['Paramount', 'PolyGram Filmed Entertainment', 'Don Simpson/Jerry Bruckheimer Films']",11.02,92921203,['United States of America'],1983-04-14,95,6.4,692
539,Psycho,False,806948,"['Horror', 'Drama', 'Thriller']",en,['Shamley Productions'],27.125,32000000,['United States of America'],1960-06-16,109,8.4,5415
540,D.E.B.S.,False,3500000,['Action'],en,"['Destination Films', 'Screen Gems', 'Anonymous Content', 'Andrea Sperling Productions']",13.157,0,['United States of America'],2004-01-21,91,5.9,210
542,The Crime of Padre Amaro,False,1800000,"['Drama', 'Romance']",es,"['Instituto Mexicano de Cinematografía', 'Alameda Films', 'Cinecolor-México', 'Cinecolor-Argentina', 'Artcam y Fonds Sud Cinéma']",3.57,0,['Mexico'],2002-10-01,118,6.3,74
544,There's Something About Mary,False,23000000,"['Romance', 'Comedy']",en,['20th Century Fox'],17.72,369884651,['United States of America'],1998-07-15,119,6.5,3065
